soil,F_label_ppm_mn,F_label_ppm_se,F_label_mn,F_label_se,terrain
Conifer,4363.379765052965,251.1563002293633,0.4363379765052965,0.02511563002293633,Gordon Gulch Conifer Forest
Crust,4838.49997028275,76.1056906704625,0.48384999702827497,0.007610569067046249,NA
Grassland,4483.835241772879,49.41577700212849,0.44838352417728794,0.0049415777002128495,Marshall Mesa Grassland
Tundra,3492.753115822507,43.27734904111165,0.34927531158225067,0.004327734904111165,Niwot Ridge Tundra
NA,5014.843119175611,NA,0.501484311917561,NA,NA
